,Area,equivalent_diameter,orientation,MajorAxisLength,MinorAxisLength,perimeter,MinIntensity,MeanIntensity,MaxIntensity
1,103.75,11.493415626621754,-70.3564850406894,17.35850597192143,9.586266009232943,59.09188309203679,79.0,104.4987951807229,115.0
2,46.75,7.715176518808164,-86.64598265696515,12.348230578166318,5.244353422964751,29.192388155425117,79.0,105.14171122994652,113.5
3,55.25,8.387281135541944,16.517868588898878,10.121081599460851,7.894459828236795,32.89949493661167,79.5,104.1945701357466,116.0
4,3.0,1.9544100476116797,90.00003218077504,3.415650255319866,1.0,6.0,79.5,99.66666666666667,112.5
5,131.0,12.914889870235298,-88.17596589104151,22.44672067424902,8.987303128153345,77.57411613907041,79.0,103.37309160305344,115.0
6,81.75,10.202319970580199,5.8935280991909735,11.022904652791176,9.684967070932695,34.02081528017131,79.0,105.94036697247707,115.0
7,12.0,3.9088200952233594,-79.34396544761933,5.4567465237539405,3.0765625005749095,12.63908729652601,82.0,103.625,114.0
8,53.0,8.214724333230155,84.67193974681845,9.163538965217667,8.205660510872626,29.606601717798213,80.5,104.52594339622641,116.5
9,49.5,7.938851142601841,-73.21501824935648,10.74650789745022,6.113203407300546,27.65685424949238,79.0,103.67424242424242,113.0
10,307.0,19.77080019204319,-83.16308727212103,28.382700255283517,15.403076298392302,98.92640687119285,79.0,103.65757328990227,117.0
11,369.75,21.697472702271718,-56.26466777805792,36.15345065900686,19.42933277703662,145.20458146424488,79.0,103.91852603110209,115.5
12,55.25,8.387281135541944,-86.4780689570711,16.205095870872853,4.64973187734982,35.36396103067893,79.5,103.44117647058823,112.0
13,3.75,2.1850968611841584,45.00001609038752,2.3094010767585034,2.0132891827388666,5.707106781186548,81.0,101.2,114.5
14,21.0,5.170882945826411,-57.906630605816524,6.931024319597328,4.513461279345672,20.071067811865476,82.5,102.00595238095238,115.0
15,38.25,6.978639737521917,-58.43330677220405,8.090688887036194,6.371742850889645,23.899494936611667,80.0,103.29084967320262,112.5
16,355.75,21.282738734465877,-86.934654670077,30.723866207305385,17.995209188403827,126.79036790187178,79.0,104.94553759662685,116.5
17,17.25,4.686510657907603,85.68721517626105,5.972040793575449,4.213122089018592,16.363961030678926,79.0,103.23913043478261,116.5
18,74.0,9.706684619910241,17.243994996814646,12.705954149331156,7.646417171062909,34.435028842544405,79.0,104.5625,114.5
19,43.0,7.399277020331919,33.83704739655952,9.40119669108737,6.0788384030044424,25.4350288425444,79.5,104.125,113.0
20,89.5,10.674967880691588,-52.80467386328088,14.436318542127951,8.163098829315258,38.04163056034262,79.0,102.94413407821229,114.0
21,73.25,9.657370069115643,82.13005706486594,11.062690739338201,9.116430660975649,35.435028842544405,79.0,103.93686006825939,115.0
22,326.0,20.37341629633241,55.515472521575276,27.851375319092618,16.670953534661198,103.54772721475248,79.0,103.44210122699387,115.5
23,80.25,10.108287365572707,30.695380686982514,13.37116157122953,7.901302570510972,35.2634559672906,79.0,103.9797507788162,116.5
24,30.75,6.257165172872317,-13.778821682343702,6.924001338528712,5.738067108019853,19.606601717798213,79.5,102.55284552845528,114.0
25,104.5,11.534883286137944,-54.606407769126626,18.642662496984144,8.640516475549799,51.920310216782966,79.0,102.64832535885168,112.0
26,211.75,16.419758633965078,44.1669016758394,23.446465223753084,14.495266052108015,75.74873734152916,79.0,104.07733175914994,114.5
27,147.25,13.692498784453214,81.91104417118106,17.7400532199598,10.896848576930035,52.384776310850235,79.0,103.77843803056027,117.0
28,4.5,2.393653682408596,-2.6000138488768876,3.708360954253563,1.5197984827039837,6.810660171779822,81.5,103.13888888888889,112.5
29,249.75,17.83231830967603,59.52175075220651,19.952331072634966,16.820483110731956,80.5477272147525,79.0,102.78028028028028,113.5
30,86.25,10.479356408358663,-19.448173408317903,15.220444069878262,7.598109542583975,39.95279579551077,79.0,103.22173913043478,112.5
31,39.75,7.1141599576634995,-85.55985401602499,9.705043700568087,5.815227718477044,27.14213562373095,79.0,102.83018867924528,113.0
32,459.25,24.18129981865374,59.993652049286176,36.31617589609514,19.49711233949896,120.79036790187179,79.0,101.35084376701143,112.5
33,5.5,2.6462837142006137,-12.557421933154789,3.279983288401781,2.081494347509531,7.414213562373095,80.5,97.27272727272727,110.0
34,178.25,15.065024024177417,13.167416897091973,20.705244157149416,12.64365337596698,80.94112549695429,79.0,101.85483870967742,113.0
35,15.5,4.442433223290478,63.514476997692014,6.371784866986291,3.1864932924305784,14.949747468305834,81.0,101.75,113.0
36,10.5,3.656366395715726,-56.46891306186278,7.5369464540946085,2.235939804700076,15.32842712474619,80.5,100.30952380952381,114.5
37,8.75,3.3377905890622728,32.65504000694791,5.171939568465247,2.229400092763274,11.242640687119284,80.5,98.34285714285714,110.0
38,47.75,7.797255174810172,-53.93627224537505,8.531865670124539,7.447876036333811,25.849242404917497,79.0,102.5261780104712,111.0
39,211.25,16.40036139313104,11.837721348009794,22.173142328972617,14.304671491882017,71.2842712474619,79.5,103.05798816568047,111.5
40,278.5,18.83075179616424,70.96799181674379,27.207511580335662,14.674868544224795,88.42640687119285,79.0,102.58348294434471,113.5
41,30.0,6.180387232371033,15.268750434209206,6.943139092864615,5.563875306476955,19.31370849898476,81.5,102.32083333333334,112.5
42,69.5,9.40692023773423,5.363134216228025,12.013598540682395,7.7246749743769385,32.94974746830583,81.5,102.0251798561151,114.0
43,113.25,12.008096370418468,-70.02724876408271,14.136050114638909,10.343756037124939,41.09188309203678,79.0,103.00551876379691,113.0
44,10.0,3.5682482323055424,-85.54804961021871,5.001977654726825,2.6077230569240912,11.414213562373096,82.5,98.5125,110.5
45,88.5,10.61516366850092,5.748193173148785,12.352413417591148,9.52627458152556,35.89949493661167,80.0,104.01694915254237,114.0
46,54.0,8.291859587312052,-16.137838983996506,9.64893735938661,7.318548996361015,27.77817459305202,79.0,101.07407407407408,108.5
47,155.5,14.070847494245605,-31.90223261671625,17.09921300020125,12.063253084338683,50.38477631085024,81.0,103.47749196141478,113.5
48,12.0,3.9088200952233594,-74.27404621534502,6.277420732560663,2.5611065429215047,13.828427124746192,82.0,99.82291666666667,111.5
49,38.0,6.955796338302048,-36.19206055040323,9.19446198863306,5.38184843360499,23.31370849898476,79.5,100.75,113.0
50,53.0,8.214724333230155,-22.605865690862817,8.989020141052888,7.773878566138094,27.72792206135786,79.5,102.41745283018868,112.0
51,72.75,9.624353322664494,35.57548680428675,15.669318694401666,6.8975721067460105,43.24568901432422,79.5,101.91408934707904,111.5
52,58.5,8.63044108762739,-8.173064253438914,14.240580742518905,6.644192994067802,45.970562748477136,82.0,101.88461538461539,111.0
53,40.75,7.203090409536582,24.07086899193802,10.217404116270318,5.241720192813713,25.435028842544398,81.0,100.91717791411043,112.0
54,332.5,20.575523046193542,-33.853980989685994,22.119422886043505,19.542501477252603,72.81980515339464,79.0,100.53571428571429,109.0
55,58.75,8.6488625410045,49.302870195242264,9.609269348778657,7.945207083650422,28.384776310850235,79.0,102.67446808510638,114.0
56,57.75,8.574939283076915,-8.879844617827688,9.80623308322714,7.797574459280914,29.14213562373095,79.0,101.95021645021644,111.5
57,129.0,12.815923738491737,-18.33122756061332,18.257941544153024,9.261492978996467,50.798989873223334,79.0,100.98255813953489,111.0
58,96.25,11.070199012698888,-0.35943082195102694,15.623690333152348,8.703710471304595,42.14213562373095,79.5,100.36493506493507,110.0
59,6.5,2.876813695875796,81.11813752572462,4.584377401616469,1.8560771269229894,9.414213562373096,84.5,95.92307692307692,111.5
60,61.25,8.83096382707056,-20.973124920170896,10.42346286752005,7.851797913270466,34.26345596729059,79.5,101.3265306122449,114.0
61,441.75,23.71610357724806,59.68640868681903,40.65287032494612,17.07043939451797,167.9030662740799,79.0,101.61516694963214,116.5
62,603.0,27.70854462932514,62.06170821682681,30.792654680816227,28.29285926937163,166.17514421272202,79.0,99.79560530679933,113.5
63,105.75,11.603666741842574,26.8558847137683,13.119827389028128,10.438073317988312,39.84924240491749,79.5,100.36997635933807,110.0
64,4.0,2.256758334191025,0.0,3.1622776601683795,1.5612494995995996,6.414213562373096,87.0,102.375,110.5
65,104.5,11.534883286137944,24.35619480657803,13.290797452588965,10.912614625428134,42.970562748477136,79.0,100.08851674641149,109.5
66,67.5,9.27058084855655,-10.772269241518279,12.721793119618678,7.208479735420727,33.31370849898477,79.0,100.47222222222223,109.5
67,11.0,3.742410318509555,-28.445246659839334,4.121269956803477,3.4977338674650307,11.535533905932738,84.0,101.22727272727273,112.0
68,32.5,6.432750982580687,0.1030513681803318,8.817166360710381,4.890765707113434,22.363961030678926,79.0,99.86923076923077,109.5
69,322.75,20.27160731326635,46.006814876769674,26.01856538985586,18.529555471902846,105.97970773009196,79.0,101.66343919442293,112.5
70,8.0,3.1915382432114616,-53.326580825999876,3.5905986127281606,2.871292453282077,9.414213562373096,80.0,98.53125,109.0
71,348.0,21.049640414216977,-5.250528412885085,28.148843724682127,16.127334569151365,84.64823227814082,79.0,102.10201149425288,113.5
72,17.25,4.686510657907603,9.03937777135296,6.081886170438479,4.183507369870038,16.65685424949238,80.5,102.20289855072464,109.5
73,5.5,2.6462837142006137,0.0,3.5161962919661303,2.05703790890632,7.82842712474619,82.0,100.31818181818181,111.0
74,3.0,1.9544100476116797,0.0,2.23606797749979,1.632993161855452,5.0,89.5,98.75,104.5
75,7.75,3.141274657157109,-73.81072359135058,5.2320729937060495,1.9152222012892437,10.828427124746188,80.5,98.5,108.5
76,87.5,10.55502061411188,-11.597441007268388,14.461142012264451,7.827618833277415,37.02081528017131,79.0,101.53571428571429,112.0
77,87.75,10.57008845991889,17.1205283093964,11.106379155041058,10.436454073541853,35.26345596729059,79.0,101.7991452991453,112.0
78,5.0,2.5231325220201604,45.00001609038751,2.8600699292150185,2.23606797749979,7.121320343559642,80.5,95.8,107.0
79,629.75,28.316472296120658,63.03331358210986,44.84539243428125,21.02613177982142,156.98885271170678,79.0,101.41127431520445,111.0
80,73.0,9.640875829802336,73.8682674295101,11.365964191556177,8.444215278883387,36.09188309203678,79.0,99.48458904109589,110.0
81,85.75,10.448937312523231,4.850543511110822,12.108888806905993,9.233635782068273,34.72792206135786,79.0,101.50291545189505,111.0
82,120.75,12.399341717477219,66.81027305934147,13.450578248781204,12.143572813203576,45.8492424049175,80.5,100.5527950310559,110.0
83,92.0,10.823032759612019,-21.710351364415008,11.553648822894681,10.35710852443215,35.60660171779821,80.5,100.64673913043478,112.0
84,24.75,5.613615477764332,-82.63661124801177,6.734875956299041,4.826981046857008,18.363961030678926,79.0,100.98484848484848,112.0
85,38.25,6.978639737521917,-17.6758888900328,7.676640981732564,6.564123941198008,22.778174593052025,80.5,101.3921568627451,112.0
86,131.75,12.951807210534664,-65.94080352287874,15.042974382936652,11.673942151567804,48.67766952966369,79.0,99.90607210626186,111.0
87,7.75,3.141274657157109,50.85323654786534,3.3998674892844876,2.9543361162488897,9.121320343559642,80.0,99.40322580645162,107.0
88,294.75,19.37233480535295,71.53471995660891,25.552007038346776,17.531707894788916,125.25788232314397,79.0,100.11959287531806,110.5
89,83.0,10.280023453913834,61.83726349683182,11.606215719853354,9.643757764510939,39.45279579551077,79.0,100.28463855421687,110.0
90,36.0,6.770275002573076,-6.368782432454135,7.863503953822674,6.115038890305079,22.656854249492376,84.5,101.125,108.0
91,163.25,14.417224270920368,-6.000124469927176,16.72215427993845,13.58876248216147,56.627416997969526,79.0,101.48315467075038,111.0
92,60.75,8.79484521425256,-4.743969508425176,10.247948207564825,7.6116691804124414,29.02081528017131,80.0,100.18312757201646,109.5
93,130.5,12.890219570974683,5.336554368826253,16.2405669195213,10.605041174061533,45.384776310850235,80.0,102.16954022988506,110.5
94,13.5,4.145929793656026,25.32219179436052,5.567945831451689,3.3109385260217685,13.65685424949238,79.5,98.29629629629629,108.5
95,37.0,6.863662517577698,-0.22947281194498365,9.966585227012121,5.00103115236433,24.77817459305202,79.5,100.42905405405405,110.5
96,175.25,14.93771167933152,-9.49965714461533,18.758452918683474,12.69006460772105,64.16295090390226,79.0,100.06704707560628,111.5
97,63.75,9.009385160867895,-68.30834663341412,12.55847443340907,6.589229513975101,31.31370849898476,81.0,99.99019607843137,109.5
98,54.75,8.349243383340204,-76.88606415547217,9.518793699996195,7.553059232861738,27.77817459305202,79.0,100.00456621004567,108.5
99,166.5,14.560026929865362,1.5500745126494035,17.681793315380403,13.349318204492798,60.87005768508881,79.0,99.8933933933934,108.5
100,45.0,7.569397566060481,-5.516092752354422,8.569247607246206,6.740734501413379,23.899494936611667,79.5,100.41388888888889,110.0
101,207.0,16.23454913941803,-34.14299295004747,18.031460443259675,15.014595218004741,62.45584412271571,79.0,101.16425120772946,110.5
102,241.25,17.52623862006215,82.62465826668884,34.5347211623545,12.200603821651798,104.34062043356595,79.0,99.64300518134715,109.0
103,29.5,6.128667601500942,-51.44342944765387,6.993018350310703,5.435899322824141,19.656854249492383,79.0,97.65677966101696,107.5
104,26.5,5.808687281605183,80.44002196160979,6.331521531351913,5.417964685008772,18.535533905932738,80.0,99.97641509433963,107.0
105,20.75,5.140011726956917,78.77080697743465,6.1613569026480075,4.344531958255985,16.121320343559642,80.0,99.7289156626506,106.0
106,66.0,9.166995688475081,-22.404373615932418,11.005539809743205,7.924263793778212,31.31370849898476,79.0,101.05871212121212,111.5
107,102.75,11.437891554894984,-78.9132564640662,13.917470565249268,9.645174012368999,41.384776310850235,79.0,100.06447688564477,111.5
108,35.25,6.699380116989518,-54.550279209469174,7.844799060701631,5.962046171828826,22.31370849898476,81.5,100.20921985815603,111.5
109,55.0,8.368283871884005,9.854173850568014,12.416387054927297,5.790747273870371,30.899494936611664,80.0,99.25227272727273,109.5
110,127.75,12.753679933255228,52.12595890471101,19.46289486863347,9.181529041261188,54.04163056034261,79.5,101.08610567514677,112.0
111,53.25,8.234075889688375,-53.617759040939475,10.602884752880737,7.022953461270116,29.8492424049175,79.0,100.7699530516432,109.5
112,149.0,13.773623058786647,-60.67067152925681,14.642390600455201,13.319101261040812,53.62741699796952,79.0,100.02684563758389,109.0
113,30.5,6.231677632421503,59.69217540171442,11.098442135526577,3.570319819790806,24.14213562373095,79.0,101.29918032786885,110.5
114,71.0,9.507891862878783,17.502462556364556,10.775834316675088,8.569390856277316,31.4350288425444,80.0,100.03697183098592,108.5
115,150.75,13.85427231466257,48.052318421098796,19.55806847103333,11.750168239888943,74.198484809835,79.0,100.36484245439469,110.5
116,184.0,15.306079714651624,64.23609055616414,26.536120320042013,11.870287696006452,72.95889244992065,79.0,100.48029891304348,112.0
117,9.75,3.523362819972964,-21.155122402735778,4.319444311265196,2.94479021358679,10.82842712474619,80.0,97.87179487179488,109.0
118,79.0,10.02925341359355,28.015174310537176,13.62382060120401,7.962869768703763,39.09188309203678,80.5,100.82120253164557,113.5
119,28.5,6.023896332520351,36.411567337399745,7.153354835332147,5.341409309514891,21.071067811865476,79.5,98.29824561403508,109.5
120,221.75,16.80300178673508,49.51935145478983,20.456838171540344,14.972494074991664,68.11269837220809,79.0,102.11104847801579,111.0
121,4.5,2.393653682408596,0.0,3.415650255319866,1.632993161855452,7.0,82.0,99.94444444444444,107.0
122,12.75,4.029119531035698,-88.25203985104902,4.708176320047535,3.4899663946253567,12.535533905932738,80.5,99.25490196078431,111.0
123,70.25,9.45754080179648,87.64234893669077,11.968860846885624,7.700921354683674,34.14213562373095,79.5,100.29359430604983,108.0
124,26.5,5.808687281605183,-26.473682874226316,7.501020544787816,4.55779493082518,18.899494936611664,80.0,98.62264150943396,107.5
125,174.75,14.916387312029334,-33.9307094557138,16.57593129047752,14.793623433610282,75.50914498161481,79.0,99.79256080114449,112.0
126,102.25,11.410028196686037,-71.24851930383014,14.153297805283614,9.427560312827598,39.89949493661167,79.0,101.84352078239608,112.0
127,383.0,22.082815618339236,43.910887914004924,32.41250365538785,17.309693839689576,113.68986283848344,79.0,101.29373368146214,115.5
128,9.0,3.385137501286538,31.9057023237781,5.686171291701108,2.58870752668549,12.82842712474619,82.5,99.59722222222223,109.0
129,134.5,13.086279790944385,-83.06178446850815,16.88504839397001,10.711519853525553,47.79898987322333,79.5,99.87732342007435,112.0
130,45.25,7.590394548326596,58.23661825383807,8.489936848766442,7.066872778801598,25.192388155425117,79.0,99.853591160221,108.0
131,79.5,10.060941497019325,5.749880012489172,12.768545757599105,8.506004906085742,36.14213562373095,79.0,100.43396226415095,109.0
132,266.75,18.429233531487537,63.0965095907855,26.805392869643235,14.025757043093948,89.18376618407356,79.0,100.85379568884724,111.0
133,97.75,11.156126814350138,69.76256853436405,13.028642266488745,9.816929335925048,38.55634918610404,79.5,100.68286445012788,110.0
134,14.75,4.3336224206596095,45.73653373257523,5.533502573368745,3.389364197193009,13.36396103067893,81.0,99.55932203389831,111.0
135,21.0,5.170882945826411,-34.839209655520555,7.620039698527778,3.7230765299327357,17.899494936611664,81.5,98.77380952380952,109.0
136,8.75,3.3377905890622728,26.177612703565117,3.8506331747808304,2.9731402470767345,9.82842712474619,79.0,103.2,114.5
137,152.75,13.945871807036522,51.34270398876718,17.858255313799088,12.063500279833764,70.4558441227157,79.0,101.69721767594108,112.0
138,47.75,7.797255174810172,52.53428672797288,9.60552533954095,6.586428603304366,26.485281374238568,79.0,99.76178010471205,107.0
139,143.25,13.505242122350568,-64.26842172405499,21.096098997136668,10.131870413205883,64.8700576850888,79.0,100.61605584642234,112.0
140,136.0,13.159049284959082,79.41332573987783,15.724680027533392,11.342540181451932,49.74873734152916,79.0,99.5091911764706,109.5
141,313.25,19.971036212182124,87.45203020553244,22.680943772296438,19.519657390498427,92.89087296526012,79.0,100.9269752593775,111.0
142,36.25,6.793742230659745,-57.32585702075855,8.205847159703742,6.187149130691995,23.606601717798213,80.5,101.03103448275863,111.0
143,137.75,13.243441670776848,-38.360684993272606,14.584209062200298,12.508876385094554,44.33452377915607,79.0,101.7858439201452,109.5
144,224.25,16.89745448009434,48.01643447514252,20.030019760239014,15.558403338122778,73.57716446627535,79.0,100.75641025641026,112.5
145,46.0,7.653039857325812,3.9406033940811316,9.646915978052549,6.356074064925744,27.31370849898476,79.5,100.73913043478261,112.5
146,159.5,14.250673927406327,4.991106629848934,15.721225841310632,13.210007331068361,52.97056274847714,79.5,101.11598746081505,111.0
147,17.0,4.652426491681278,6.93543472630774,6.6488790908953765,3.4546020533145336,15.949747468305832,79.0,99.43382352941177,111.0
148,37.5,6.90988298942671,-69.3897217804101,9.098245368301761,5.462622294217919,23.485281374238568,79.5,100.87666666666667,110.0
149,25.5,5.698035485213008,74.21873809598203,9.043849305137948,3.8532311485570614,20.94974746830583,79.5,99.6029411764706,111.0
150,50.5,8.018640596081465,4.2925305005656185,10.197029483098914,6.534676235648883,26.77817459305202,80.0,99.91584158415841,109.5
151,52.75,8.19532708223289,77.42024867068943,8.609868921386518,7.874080995186273,26.020815280171313,79.5,101.16587677725119,112.5
152,274.0,18.677998695187732,45.18101231088804,21.41469888048029,16.788870825831363,71.66904755831213,79.5,99.33759124087591,112.5
153,255.5,18.03642713177513,31.419364380131864,20.58029342603915,19.476482200031807,76.59797974644667,79.0,99.73140900195695,114.0
154,236.75,17.362012044001403,79.16631885508646,19.776603149709718,16.65040982129383,79.23401871576773,79.0,101.76979936642027,111.5
155,16.75,4.61809077155419,20.129347187257668,6.459661660263862,3.372423319383236,15.071067811865476,81.0,101.14179104477611,115.5
156,29.0,6.076507779746499,-33.04525971498258,7.541500583966758,4.939529899145246,19.60660171779821,80.5,100.13793103448276,110.5
157,273.75,18.669475765839028,26.25456881409455,23.00525536446022,17.94393715455132,100.59797974644665,79.0,102.85753424657534,116.5
158,201.75,16.02735405955453,12.105912096635556,19.338009397763237,13.823082529951865,56.87005768508881,80.5,102.60470879801734,113.0
159,37.5,6.90988298942671,-50.95016448742757,8.28740899183895,6.066498805533757,23.4350288425444,79.0,100.88666666666667,113.5
160,75.5,9.804569629897316,-2.2644642788197427,14.12787441225905,7.808782670034485,42.55634918610404,80.0,102.53311258278146,115.0
161,23.75,5.499039842323396,1.110708999036072,11.756105515540828,2.625481304930542,23.82842712474619,81.5,101.6842105263158,108.5
162,100.5,11.311965976163641,80.82898065782106,14.957608465850983,10.193149889340793,51.2634559672906,79.0,100.28358208955224,111.0
163,180.75,15.170301503624794,-49.01269362648124,15.90357618843356,14.647337947845774,53.577164466275356,79.5,102.19017980636238,110.0
164,235.25,17.30692355385402,43.08018411550939,21.11023970971276,15.903065701416416,84.73401871576775,79.0,101.97130712008502,110.5
165,63.25,8.97398468933946,25.906494478784413,10.861578585256085,7.6007497298285065,30.606601717798213,79.5,102.84387351778656,111.5
166,99.25,11.24139781410501,-7.753271366028736,14.70749959732878,8.745873208894018,38.8492424049175,80.0,99.96347607052897,110.5
167,246.0,17.697935698969246,55.40037568273656,20.640741921530083,15.818172379996971,62.4558441227157,79.0,100.65599593495935,109.0
168,176.75,15.001502909106808,-16.238664902770758,16.846616009505222,13.958591961869303,56.04163056034262,79.0,101.08981612446959,108.5
169,255.25,18.02760088846129,37.51105049647939,25.652227926650784,14.367310665525464,77.87005768508881,79.0,103.3281096963761,115.0
170,7.0,2.985410660720923,-83.29255587235191,4.572076078688799,2.003618645755832,9.707106781186548,80.5,96.55357142857143,106.0
171,70.5,9.474354220939228,-20.391222734555775,11.046632421470795,8.556741513470635,33.67766952966369,80.0,100.08510638297872,110.0
172,194.75,15.746853696442757,-19.800075002711267,19.461596355446535,13.932952910081786,79.76955262170047,79.0,102.24069319640564,114.0
173,68.0,9.304852983362556,12.289675378276758,12.352591354650972,7.203987041843599,36.02081528017131,79.5,99.35845588235294,110.0
174,84.75,10.387831891992912,-7.590185349730158,11.57189808095368,9.49496621600091,33.849242404917504,79.0,103.44837758112094,113.0
175,58.75,8.6488625410045,19.758860659175774,11.730548811336645,7.018259897001582,33.67766952966369,80.0,101.46808510638297,111.0
176,122.0,12.463355264843006,-71.34740106029399,15.821100097209433,10.023745698089373,43.50609665440988,80.0,101.12909836065573,110.5
177,65.75,9.149617481968136,-8.556326728356469,15.43783678521633,5.4907434563973245,35.19238815542512,79.0,102.36692015209125,110.5
178,103.0,11.451797811161432,-21.95944493179238,11.989323293159769,11.235592888601442,38.14213562373096,80.0,103.19902912621359,111.5
179,61.5,8.848967849484623,-14.542536808784591,12.097710929746635,6.611821341809357,30.899494936611667,79.0,101.01626016260163,114.5
180,196.0,15.797308339337176,1.6044864363950404,19.704247623210115,13.159964836164999,56.162950903902264,79.0,103.59502551020408,114.0
181,159.0,14.228319915326999,-6.822758676982214,15.274348590565314,13.639313827182,51.45584412271571,79.0,100.58018867924528,109.0
182,262.0,18.26441241104166,-57.823500849771875,20.540664543873387,16.46743496498477,62.698484809835,79.5,99.68845419847328,112.5
183,291.0,19.248706645328987,8.33039393945517,25.16533629296301,15.431853746474369,69.81980515339464,79.0,102.98367697594502,113.0
184,144.5,13.564037533648712,-31.10554883671263,16.811843064052123,11.297318197563516,51.748737341529164,79.0,104.45242214532873,114.0
185,102.5,11.423968370726268,-88.85824389202723,14.312701075169361,10.67825753606886,50.50609665440988,79.0,101.38780487804878,112.5
186,15.5,4.442433223290478,-40.61612045325272,6.764001724472595,3.2137836799104758,15.778174593052022,80.0,99.87096774193549,109.5
187,314.0,19.994929783493642,67.09702843840084,24.74279426432749,19.017045727342833,97.87615433949867,79.5,101.92078025477707,114.5
188,427.0,23.31680264534386,6.167854768514027,27.774216539954438,26.146180873553355,145.94722215136414,79.0,104.40749414519907,116.5
189,77.0,9.901487006738307,-57.609686810728604,13.322561067097936,7.632351457820823,34.8492424049175,79.0,102.85714285714286,115.5
190,66.0,9.166995688475081,16.21237352631399,10.853957894489021,7.991420316029623,30.556349186104043,79.5,102.68939393939394,113.5
191,113.5,12.02134303343187,47.6265957006518,17.02568847481178,9.394970198841612,47.09188309203678,79.0,100.45704845814979,112.0
192,150.75,13.85427231466257,-87.97846677300743,18.212176449524065,10.981889247183368,49.62741699796952,80.0,104.02985074626865,113.0
193,60.0,8.740387444736633,-61.825303346799686,9.792596456307125,8.065705809132686,33.970562748477136,79.0,101.21666666666667,112.5
194,65.5,9.13220620552083,-32.89338132911408,12.917958090303623,6.81691546088411,33.09188309203678,80.5,101.73282442748092,111.5
195,5.75,2.7057581899030048,0.0,2.7026556987687047,2.680180001290859,7.414213562373095,79.0,97.80434782608695,115.0
196,40.75,7.203090409536582,-64.93227647890927,10.919534972022241,5.3418507588057516,29.14213562373095,79.0,102.38650306748467,112.5
197,19.0,4.918490759365935,-2.102947540266474,7.180585497136322,3.688080029037735,17.65685424949238,81.0,105.57236842105263,117.0
198,138.5,13.279445656570912,8.881920298659242,17.540518736704616,10.880080716111877,48.384776310850235,79.0,104.77617328519855,116.0
199,344.25,20.935919212565754,-49.30726123416066,25.11111243052013,19.681011742575016,94.59797974644665,79.0,103.24655047204067,114.0
200,129.5,12.84073677960901,38.838729110340445,15.29531361803198,11.038139302607236,43.162950903902264,80.0,103.56177606177606,113.5
201,306.75,19.762748552453708,14.384419530996947,20.14226459106045,19.771547814987528,79.30508652763321,79.5,101.45965770171149,111.0
202,6.25,2.8209479177387813,20.898997181068776,3.3014881678404193,2.3905179099119325,8.121320343559642,90.5,102.58,109.5
203,9.0,3.385137501286538,33.52098424148781,3.7405201280500666,3.106026088193916,10.121320343559642,84.5,101.56944444444444,114.0
204,62.5,8.920620580763856,-22.584770503761323,10.423307570280052,7.837671292886847,29.899494936611667,79.5,102.94,112.0
205,203.5,16.096715421277896,-47.284906787524335,17.012749001608704,15.672910698937216,60.04163056034261,79.0,103.487714987715,113.0
206,50.5,8.018640596081465,0.8140235997319907,9.992823732096959,6.581117267127854,26.77817459305202,79.5,103.95792079207921,112.0
207,122.25,12.476118560829471,16.13129782893637,16.719857368484906,9.706437568148774,45.384776310850235,80.0,104.3517382413088,112.5
208,32.25,6.407961869245868,47.50106108848937,11.174351954652401,3.823886805528412,24.849242404917497,79.0,100.21317829457364,112.5
209,204.5,16.13621662281282,30.324078022759434,20.011273227583548,13.906340757625005,68.06244584051393,79.0,101.95660146699267,113.5
210,79.0,10.02925341359355,43.64246365774504,12.201931951879306,8.469272890164635,34.14213562373095,79.0,101.26898734177215,109.0
211,127.25,12.728697186576065,-55.32234429571528,16.814643767983753,10.089122970466528,47.45584412271571,79.5,102.01768172888016,113.5
212,6.0,2.763953195770684,71.5650767661759,3.162277660168379,2.457980200625438,8.121320343559642,79.0,100.27083333333333,110.0
213,75.25,9.788323438736636,-21.563415305051976,13.489297518348021,7.999973835692642,40.2634559672906,79.0,102.56644518272425,115.0
214,22.5,5.352372348458314,-7.555423569807029,6.65303644365657,4.36238918629584,17.071067811865476,79.5,100.12222222222222,110.5
215,81.75,10.202319970580199,32.13359606544262,12.138919341327997,8.703196432572414,34.435028842544405,79.0,101.72018348623853,110.0
216,249.75,17.83231830967603,-59.10518144169999,22.374581873575124,15.457050400466523,66.74873734152916,79.5,102.16966966966967,112.0
217,56.0,8.444016491289505,55.71926241565758,12.65424184775237,6.069927124719785,31.263455967290597,81.0,104.12053571428571,112.5
218,113.25,12.008096370418468,47.10666563980691,15.03090196926728,9.840262871127821,42.62741699796952,79.0,101.67549668874172,112.0
219,299.75,19.535955403674656,19.438806954981906,20.909000266286746,18.927498504316745,66.94112549695429,79.0,103.18765638031694,112.0
220,232.75,17.214717657780774,46.482941046809096,19.896648623144184,15.330314211544765,58.45584412271571,79.5,102.83566058002148,113.0
221,4.5,2.393653682408596,90.00003218077504,2.6666666666666665,2.1081851067789197,6.414213562373095,85.0,98.94444444444444,114.0
222,79.25,10.045109950630787,7.1312027877657345,11.596644136978759,8.783303536958897,33.435028842544405,79.0,105.39905362776025,114.5
223,4.5,2.393653682408596,-23.109445880672464,2.7712967309465366,1.9966424556519138,6.414213562373095,79.0,99.05555555555556,109.5
224,5.5,2.6462837142006137,0.0,3.2333489534143163,2.135880022631042,7.414213562373095,82.5,102.79545454545455,120.0
225,124.5,12.590406002966217,40.06065841463393,13.79929947668899,11.778313557283079,42.920310216782966,79.0,101.08935742971887,112.0
226,319.25,20.16139193252045,10.543757132030962,21.257922336543135,21.062234439926712,95.42640687119285,79.0,105.93617854346124,118.5
227,3.75,2.1850968611841584,45.00001609038752,2.3094010767585034,2.0132891827388666,5.707106781186548,86.5,98.0,112.5
228,39.25,7.069275219628611,-67.56973093675512,8.677584201522382,5.958048992182975,23.727922061357855,79.5,100.35987261146497,110.0
229,35.25,6.699380116989518,-2.8977891050398243,7.955807137637677,5.768581508282243,22.363961030678926,79.0,103.12765957446808,112.5
230,127.0,12.716187407449045,43.20039434852184,19.584205748407182,9.285972390915836,53.67766952966369,79.0,103.10334645669292,115.0
231,15.5,4.442433223290478,-87.54371828995087,5.451180043610034,4.052405835059322,14.949747468305834,79.0,101.62096774193549,116.0
232,84.0,10.341765891652821,-56.607755525556485,12.494205271861029,8.898653869566997,40.902543263816604,79.0,103.04910714285714,113.0
233,39.75,7.1141599576634995,-83.09066528577925,8.749449235800713,5.976243124711373,23.65685424949238,81.0,101.24528301886792,109.5
234,27.5,5.917270272703197,16.680191350337946,7.330469294220496,4.899359555974828,19.535533905932738,79.5,102.69090909090909,110.5
235,240.5,17.498974555922032,-20.68561671466334,30.093763032396,11.655086739311546,83.698484809835,80.0,106.18451143451144,114.5
236,14.25,4.259537945889915,58.0942284446629,5.7553504161573965,3.561875961097549,15.778174593052022,81.0,100.59649122807018,114.0
237,7.5,3.0901936161855166,-31.65847883284923,3.295534123753181,2.9884052520181172,9.121320343559642,81.0,102.61666666666666,119.0
238,74.0,9.706684619910241,-17.87133187295655,10.672759635957753,9.238931810192792,33.435028842544405,79.0,101.8429054054054,110.5
239,23.25,5.440847306724618,75.08999056674344,6.231439793700837,4.886881460001533,17.414213562373096,81.5,105.1236559139785,112.5
240,11.0,3.742410318509555,-59.79335012331146,4.385928344862305,3.368730220355298,11.535533905932738,80.5,102.7840909090909,117.0
241,155.25,14.05953197372281,31.668882534454536,16.863200597330305,11.904717789463467,51.45584412271571,79.5,101.47262479871175,112.0
242,165.0,14.494292838262302,-42.97139726535918,17.301880486661233,12.648759291208204,50.577164466275356,79.0,105.60075757575757,116.0
243,44.0,7.48482063701911,-71.50072122817868,8.258130397002077,7.044012118549738,24.60660171779821,79.0,99.89488636363636,110.5
244,92.75,10.86705883733894,-53.88966479671977,11.972188886970288,10.114344101285203,36.435028842544405,79.0,101.31132075471699,112.0
245,246.0,17.697935698969246,-23.831184946460635,20.879479741622507,15.836817568158,78.47665940288702,79.0,101.90193089430895,112.0
246,132.0,12.964089628857149,-71.81227548264366,13.2652234782734,12.756794053889708,42.50609665440987,79.5,106.15719696969697,117.5
247,11.25,3.7846987830302403,24.363401836305528,5.073706731330164,2.90214373800815,12.242640687119287,79.5,103.23333333333333,115.0
248,29.25,6.102643417692329,62.13712801775912,8.709592726205152,4.4227069691915695,21.192388155425117,79.0,101.77777777777777,111.5
249,70.25,9.45754080179648,88.60676047494617,9.839335848656455,9.386781831114652,34.92031021678297,79.5,103.17437722419929,116.5
250,2.25,1.692568750643269,45.00001609038752,1.632993161855452,1.632993161855452,4.0,99.5,106.05555555555556,120.0
251,144.25,13.552298857686367,-33.39852278561192,16.960025221083466,12.427466711218313,52.16295090390226,79.0,103.84055459272098,114.5
252,16.25,4.54864184146723,5.874465810013157,7.200861227048061,3.4095445500095827,18.94974746830583,79.0,100.95384615384616,114.0
253,13.25,4.1073621666150775,-68.19547257648715,5.580305484334956,3.1067557893303874,13.242640687119286,84.0,102.0377358490566,112.5
254,90.5,10.734438914006276,44.91487107091661,12.81174579166072,9.209459632582645,37.67766952966368,79.5,103.22375690607734,114.5
255,113.25,12.008096370418468,-68.50675866748408,15.244095550135631,10.403347022758986,43.92031021678297,79.0,103.69977924944813,114.0
256,142.75,13.481652161769508,62.80925701951267,15.912005918616396,11.779055003881284,46.45584412271572,80.5,102.40192644483362,113.0
257,88.75,10.630146264057032,-52.797995789630434,12.722977284267458,9.082949150512222,36.55634918610404,79.0,103.27887323943662,113.5
258,12.75,4.029119531035698,-76.62128182444438,5.61050729743777,2.922967335790337,13.121320343559644,81.0,101.76470588235294,114.5
259,43.5,7.442171739215616,-3.703138299100236,9.009872066626853,6.417554125732374,25.4350288425444,79.0,102.07758620689656,112.0
260,40.0,7.136496464611085,65.57420582708355,9.480869440705572,5.413206272468766,24.02081528017131,79.5,100.9,112.0
261,15.0,4.370193722368317,2.1440447517894876,6.685310433942829,2.9899762097964055,15.242640687119286,87.5,104.475,112.5
262,46.75,7.715176518808164,-53.43794647471541,8.682325499168686,7.017876096323619,25.02081528017131,80.0,103.2620320855615,112.5
263,23.25,5.440847306724618,-48.05700307701204,8.64920779935314,3.485641512671474,19.899494936611664,79.0,101.41397849462365,115.0
264,33.75,6.555290583552474,-45.79123234475471,10.244683893362799,4.983977545293156,26.60660171779821,79.0,104.21111111111111,115.5
265,17.5,4.720348719413148,-88.62089610419775,5.044444504332327,4.6269957690485315,14.65685424949238,79.5,103.70714285714286,117.5
266,254.75,18.00993542523911,72.01716929397668,23.985219377621092,14.32148849931481,84.40559159102153,79.5,105.85868498527968,116.5
267,27.25,5.890312181373172,71.75348478209636,7.088369828169503,5.119095978734448,20.656854249492376,81.0,101.22935779816514,113.5
268,13.25,4.1073621666150775,2.309514654408803,5.894441078295538,3.011481549117503,13.82842712474619,79.0,98.73584905660377,110.0
269,204.0,16.11647812414279,-83.85133126896092,18.20616145921159,14.519393371399666,54.09188309203678,80.0,105.38602941176471,117.0
270,185.75,15.378694529593743,83.10496428006033,17.300721346106783,14.454788462504043,52.284271247461895,79.0,102.98250336473755,112.0
271,46.5,7.694520051971082,-49.21730068823138,8.48677135914179,7.329377131086966,25.778174593052018,79.0,104.05645161290323,113.5
272,84.5,10.37249929043725,65.41012440899068,13.404232543997002,8.308241421943782,36.79898987322333,79.0,100.75295857988165,111.0
273,3.0,1.9544100476116797,90.00003218077504,2.23606797749979,1.632993161855452,5.0,82.0,99.375,108.5
274,9.75,3.523362819972964,-71.96698029563082,4.411509489519471,2.9306229970383177,10.82842712474619,87.0,102.1923076923077,110.5
275,57.25,8.537737635702333,-53.58324342645969,13.171612535206437,5.890612337665576,33.55634918610404,79.5,104.1877729257642,114.5
276,9.25,3.431831258788849,-68.22257270040102,3.7702327857709736,3.1809486930318447,10.121320343559642,82.5,101.22972972972973,110.0
277,101.75,11.382096629215674,-84.46526968791885,13.559451569156307,9.768377365500967,38.14213562373095,79.0,105.67690417690417,114.5
278,113.75,12.034575115625177,83.00747211913495,12.852684614089528,11.483302031139118,40.31370849898476,81.5,104.4978021978022,113.0
279,141.25,13.410633306963609,89.52604741276717,17.905590719727574,10.832832335412649,56.97056274847714,79.0,101.2637168141593,114.5
280,11.5,3.826519928662906,-60.01758182618806,4.39383584085885,3.368158273813664,11.535533905932738,81.5,99.73913043478261,108.5
281,28.75,6.050259243299904,15.139795341499385,7.415691746378177,5.066606624772088,20.071067811865472,79.0,103.06086956521739,113.0
282,99.25,11.24139781410501,-88.55104268743696,13.045606901714121,10.192228155649405,38.94974746830584,80.0,105.49622166246851,113.0
283,49.0,7.898654169668588,-4.297584152317292,9.313786485587435,6.851677805918475,25.899494936611667,79.0,103.71173469387755,114.5
284,115.5,12.126795430653198,85.43980491474152,16.961653613356248,9.096551936447257,43.435028842544405,79.5,102.52922077922078,111.0
285,41.25,7.247146419131151,54.98330610782332,9.449073292019461,5.7744577189339745,24.60660171779821,79.5,100.98181818181818,108.5
286,36.5,6.817128675830715,5.842089679988081,8.185508113389862,5.91510351618486,22.363961030678926,79.5,103.93493150684931,114.5
287,68.5,9.338999347593866,86.69454320413763,14.223259789084112,6.95440535926606,45.24568901432422,79.0,104.99817518248175,116.0
288,22.25,5.322553886092406,44.57405640562706,5.51181936374589,5.259564969468124,16.77817459305202,79.0,104.25842696629213,113.5
289,21.0,5.170882945826411,18.17625196530406,6.178422313367275,4.636748140517491,17.535533905932738,83.0,107.53571428571429,113.5
290,58.5,8.63044108762739,84.90558627263714,11.641071790214124,6.677939690130834,30.363961030678926,79.5,103.21367521367522,110.0
291,14.0,4.222008245644752,-84.94200480865317,5.6167262380427605,3.3138682987674524,13.828427124746192,81.0,101.46428571428571,111.5
292,13.75,4.1841419359420025,85.18820086021191,7.188596458156915,2.567202220855536,14.931980515339463,81.0,105.03636363636363,116.5
293,7.75,3.141274657157109,-83.45737245244483,4.046934261634377,2.55410800926836,9.535533905932738,83.0,105.09677419354838,112.5
294,7.0,2.985410660720923,-72.37602300565396,3.692097303530457,2.4981726283135357,8.82842712474619,85.5,103.32142857142857,112.0
295,8.75,3.3377905890622728,-84.16166117770652,4.6167565629069145,2.5119810179964137,10.535533905932738,79.0,102.35714285714286,114.0
296,8.5,3.2897623212397704,-88.28677713622746,6.649860914993595,1.5928387483887292,12.103553390593273,81.5,108.04411764705883,116.0
